time,sheet,size,quality,usd
2026-09-30 10:57:10,buttons,1536x1024,medium,0.05
2026-09-30 11:04:12,icons_main,1536x1024,medium,0.05
2026-09-30 11:04:30,icons_main,1536x1024,medium,0.05
2026-09-30 11:04:33,icons_power,1536x1024,medium,0.05
2026-09-30 11:04:51,panels,1536x1024,medium,0.05
2026-09-30 11:04:52,icons_power,1536x1024,medium,0.05
2026-09-30 11:05:09,ui_round,1536x1024,medium,0.05
2026-09-30 11:05:11,panels,1536x1024,medium,0.05
2026-09-30 11:05:31,ui_round,1536x1024,medium,0.05
2026-09-30 11:05:31,avatars,1536x1024,medium,0.05
2026-09-30 11:05:53,badges,1536x1024,medium,0.05
2026-09-30 11:05:53,avatars,1536x1024,medium,0.05
2026-09-30 11:06:13,categories,1536x1024,medium,0.05
2026-09-30 11:06:13,badges,1536x1024,medium,0.05
2026-09-30 11:06:32,map_fx,1536x1024,medium,0.05
2026-09-30 11:06:34,categories,1536x1024,medium,0.05
2026-09-30 11:06:49,frames,1024x1024,medium,0.034
2026-09-30 11:06:53,map_fx,1536x1024,medium,0.05
2026-09-30 11:07:04,bg_meadow,1024x1536,medium,0.05
2026-09-30 11:07:08,frames,1024x1024,medium,0.034
2026-09-30 11:07:19,bg_ocean,1024x1536,medium,0.05
2026-09-30 11:07:34,bg_candy,1024x1536,medium,0.05
2026-09-30 11:07:48,bg_night,1024x1536,medium,0.05
2026-09-30 11:07:49,bg_meadow,1024x1536,medium,0.05
2026-09-30 11:08:04,brand_mark,1024x1024,medium,0.034
2026-09-30 11:08:16,bg_ocean,1024x1536,medium,0.05
2026-09-30 11:08:29,brand_icon,1024x1024,medium,0.034
2026-09-30 11:08:32,bg_candy,1024x1536,medium,0.05
2026-09-30 11:08:59,brand_splash,1024x1536,medium,0.05
2026-09-30 11:09:12,bg_night,1024x1536,medium,0.05
2026-09-30 11:09:15,brand_feature,1536x1024,medium,0.05
2026-09-30 11:09:26,brand_mark,1024x1024,medium,0.034
2026-09-30 11:09:40,brand_icon,1024x1024,medium,0.034
2026-09-30 11:09:55,brand_splash,1024x1536,medium,0.05
2026-09-30 11:10:12,brand_feature,1536x1024,medium,0.05
2026-09-30 13:20:14,tutorial,1024x1024,medium,0.034
2026-10-04 17:37:58,icons_main_v2,1536x1024,low,0.013
2026-10-04 17:38:10,icons_power_v2,1536x1024,low,0.013
2026-10-04 17:38:24,glyphs_v2,1536x1024,low,0.013
2026-10-04 17:38:38,ribbons_v2,1536x1024,low,0.013
2026-10-04 17:38:55,avatars_v2,1536x1024,low,0.013
2026-10-04 17:39:16,medals_v2,1536x1024,low,0.013
2026-10-04 17:39:29,categories_v2,1536x1024,low,0.013
2026-10-04 17:39:43,map_fx_v2,1536x1024,low,0.013
2026-10-04 17:39:51,bg_sky_v2,1024x1536,low,0.013
2026-10-04 17:39:59,logo_v2,1536x1024,low,0.013
2026-10-04 17:40:10,splash_v2,1024x1536,low,0.013
2026-10-04 17:41:23,icons_a_v2,1536x1024,low,0.013
2026-10-04 17:41:37,icons_b_v2,1536x1024,low,0.013
2026-10-04 17:41:51,icons_c_v2,1536x1024,low,0.013
2026-10-04 17:42:04,icons_d_v2,1536x1024,low,0.013
2026-10-04 17:42:19,avatars_a_v2,1536x1024,low,0.013
2026-10-04 17:42:33,avatars_b_v2,1536x1024,low,0.013
2026-10-04 17:42:45,cats_a_v2,1536x1024,low,0.013
2026-10-04 17:42:59,cats_b_v2,1536x1024,low,0.013
2026-10-04 17:43:12,medals_a_v2,1536x1024,low,0.013
2026-10-04 17:43:24,medals_b_v2,1536x1024,low,0.013
2026-10-04 19:10:46,ui_icons_v3,1536x1024,low,0.013
2026-10-04 19:11:14,tabs_v3,1536x1024,low,0.013
2026-10-04 19:11:29,powers_v3,1536x1024,low,0.013
2026-10-04 19:11:42,misc_v3,1536x1024,low,0.013
2026-10-04 19:11:56,mascot_v3,1024x1536,low,0.013
2026-10-04 19:12:05,bg_blue_v3,1024x1536,low,0.013
2026-10-04 19:12:15,logo_v3,1536x1024,low,0.013
2026-10-04 19:12:25,splash_v3,1024x1536,low,0.013
2026-10-04 19:37:04,misc_a_v3,1536x1024,low,0.013
2026-10-04 19:37:19,misc_b_v3,1536x1024,low,0.013
2026-10-04 19:37:36,ui_b_v3,1536x1024,low,0.013
2026-10-04 19:37:49,glyphs_c_v3,1536x1024,low,0.013
2026-10-05 16:41:42,avatars_a_v4,1536x1024,low,0.013
2026-10-05 16:41:54,avatars_b_v4,1536x1024,low,0.013
2026-10-05 16:42:09,cats_a_v4,1536x1024,low,0.013
2026-10-05 16:42:22,cats_b_v4,1536x1024,low,0.013
2026-10-05 16:42:35,medals_a_v4,1536x1024,low,0.013
2026-10-05 16:42:48,medals_b_v4,1536x1024,low,0.013
2026-10-05 16:42:59,core_a_v4,1536x1024,low,0.013
2026-10-05 16:43:13,core_b_v4,1536x1024,low,0.013
2026-10-05 16:44:28,avatars_a_v4,1536x1024,low,0.013
